S.NO,Submitted Time,1. Fecha de ejecución,2. Equipo,3. Lugar de ejecución,4. Tipo de tarea,5. Categoría técnica,6. Tarea realizada,7. Participante adicional,8. Hora de inicio,9. Hora fin,10. Descripción breve de lo ejecutado
226,02-01-2023,2023-01-02,Truck 1,Boya Eco,Mtto. Rutinario ,Mecánica,Rutina de mantenimiento anual,"Bill Kesh  | TELA",07:00,10:00,"Cambio de filtros de aceite y combustibles, muestra. Cambio de aceite, prueba de equipos"
227,02-01-2023,2023-01-02,Truck 1,Boya Eco,Mtto. Correctivo ,Eléctrica,Reemplazar MCB de compresor cuarto de máquinas,No Answer,10:00,10:30,Se intercambia con MCB de reserva 10A ya que el de almacén no era compatible. Queda operativo
228,02-01-2023,2023-01-02,Truck 1,Boya Eco,Mtto. Correctivo ,Eléctrica,Adecuación de conexiones ventiladores gabinetes cuarto de máquinas,No Answer,10:30,12:30,Se retira cableado hacia UPS y se instala uno nuevo hacia la energía no regulada con un MCB 6A
229,03-01-2023,2023-01-03,Truck 2,Boya Eco,Mtto. Rutinario ,Mecánica,Rutina de mantenimiento 15 días,"Bill Kesh  | TELA",07:00,08:00,"Prueba de válvulas, verificación de condiciones de operación del generador"
230,03-01-2023,2023-01-03,Truck 2,Boya Eco,Mtto. Rutinario ,Mecánica,Rutina de mantenimiento 45 días,"Bill Kesh  | TELA",08:00,09:30,Revisión de accionamientos neumáticos y mecanismos giratorios de las bombas DW
231,03-01-2023,2023-01-03,Truck 2,Boya Eco,Mtto. Rutinario ,Eléctrica,Rutina anual medición de aislamiento eléctrico,Bill Kesh ,09:30,11:30,Medición de aislamiento con instrumento Megger en generador y motores eléctricos
232,03-01-2023,2023-01-03,Truck 2,Boya Eco,Mtto. Correctivo ,Eléctrica,Adecuación de cableado ventiladores gabinete hacia minibreaker,TELA,12:00,13:30,Desmonte de cableado anterior e instalación de nuevo cable hacia MCB 6A 2P con energía no regulada
233,03-01-2023,2023-01-03,Truck 2,Boya Eco,Mtto. Correctivo ,Eléctrica,Realización de backup sistema de control PLC,"Bill Kesh  | Otro",13:30,14:00,Copia de archivos de respaldo previo a instalación de nueva panelview
234,03-01-2023,2023-01-03,Truck 2,Boya Eco,Mtto. Correctivo ,Eléctrica,Instalación y configuración de panelview,"Bill Kesh  | Otro",14:00,15:00,Se coordina con personal de EMOTIVA para instalación y configuración de nueva panelview
235,03-01-2023,2023-01-03,Truck 2,Boya Eco,Mtto. Correctivo ,Eléctrica,Instalación de parada de emergencia bomba de producto,Bill Kesh ,15:00,15:15,Se reclama material en almacén y se instala
236,03-01-2023,2023-01-03,Truck 1,Boya Eco,Mtto. Correctivo ,Eléctrica,Instalar parada de emergencia compresor de carga,Bill Kesh ,15:15,15:30,Se reclama material en almacén y se instala parada de emergencia en compresor de carga
237,03-01-2023,2023-01-03,Truck 2,Boya Eco,Mtto. Correctivo ,Eléctrica,Instalación de luces halógenas cubierta,"Bill Kesh  | TELA",15:30,16:00,Traslado de escalera de plataforma al sitio e instalación de nuevas luces halógenas.
238,04-01-2023,2023-01-04,Truck 1,Boya Eco,Mtto. Correctivo ,Eléctrica,Cambio de baterías PLC cuarto de máquinas,Timo Toppinen,07:00,09:00,Se reclama material en almacén y se procede a la instalación de las baterías en PLC 1 y 2
239,04-01-2023,2023-01-04,Truck 2,Boya Eco,Mtto. Correctivo ,Eléctrica,Habilitar palanca de prueba switch de nivel torre de venteo,Timo Toppinen,09:00,11:30,"Se desmonta palanca de prueba, se cambia o-ring y se instala circlick de retención"
240,05-01-2023,2023-01-05,Ship 64,Puerto Bahía,Mtto. Correctivo ,Eléctrica,Cambio de motor de arranque,TELA,07:00,10:30,Se reclama motor reparado de taller automotriz. Se traslada en lancha y se instala. Prueba operativo
241,05-01-2023,2023-01-05,Ship 64,Puerto Bahía,Mtto. Correctivo ,Eléctrica,Cambio de indicador de presión de combustible,TELA,10:30,11:00,Se reclama material en almacén y se procede a la instalación del mismo en puerto bahía. Prueba
242,05-01-2023,2023-01-05,Car 6,Puerto Bahía,Mtto. Rutinario ,Estructural,Rutina de mantenimiento mensual,TELA,11:00,12:00,Inspección de componentes estructurales y verificación de ausencia de fugas
243,05-01-2023,2023-01-05,Car 6,Puerto Bahía,Mtto. Correctivo ,Eléctrica,Verificación de comando de apagado del motor C4,TELA,13:00,13:30,"Se verificó equipo, se hizo prueba de arranque y parada. Requiere conocer naturaleza del reporte"
244,05-01-2023,2023-01-05,Car 6,Puerto Bahía,Mtto. Rutinario ,Estructural,Rutina de mantenimiento trimestral,TELA,13:30,15:30,"Engrase de mecanismos, verificación de válvulas, PVs, pescantes muy atascados, reflectores"
245,05-01-2023,2023-01-05,Ship 64,Puerto Bahía,Mtto. Correctivo ,Mecánica,Revisión nivel de aceite en motor C9 y drenar si requiere,TELA,15:30,16:00,"Revisión de nivel y prueba de motor, aumento de RPM sin presentar síntoma de exceso de aceite"
246,07-01-2023,2023-01-06,Ship 73,Astinave,Astillero ,Eléctrica,Ajuste de conexiones y reemplazo de paradas de emergencia,"Melker Tod | Bill Kesh ",07:00,13:00,Corrección de cableado y ajuste de platinas para nuevo modelo de paradas de emergencia
247,07-01-2023,2023-01-06,Lavafuel 2,SPD,Mtto. Correctivo ,Estructural,Traslado de nuevo tanque de combustible para motor en generador C3.3 de la barcaza,"Melker Tod | Timo Toppinen | Bill Kesh  | Mike Nakaio  | TELA",14:00,16:00,Se traslada de Astinave hacia SPD el tanque y se baja para limpieza y preparativos en SPD
248,07-01-2023,2023-01-07,Lavafuel 2,SPD,Mtto. Correctivo ,Mecánica,Ajuste de mangueras y conectores línea de combustible e inyectores,"Timo Toppinen | Otro",07:00,09:00,Se alinean racores en línea de combustible. Se detecta avería de manguera de retorno por vibración.
249,07-01-2023,2023-01-07,Ship 53,Boya PB,Mtto. Rutinario ,Estructural,Rutina de mantenimiento 15 días,Melker Tod,09:00,10:00,Orden ejecutada según instructivo. Revisión de válvulas y componentes estructurales
250,07-01-2023,2023-01-07,Ship 53,Boya PB,Mtto. Rutinario ,Estructural,Rutina de mantenimiento mensual,Melker Tod,10:00,11:30,"Revisión de componentes, engrase de mecanismos, verificación de ausencia de fugas, prueba motor C9"
251,07-01-2023,2023-01-07,Ship 60,SPD,Mtto. Correctivo ,Estructural,Achique de cofferdam 1P para reparación en frío,"Melker Tod | Timo Toppinen",12:30,15:00,Instalación de mangueras y bomba sumergible para trasiego de agua previo a reparación en frío
252,08-01-2023,2023-01-08,Lavafuel 2,SPD,Mtto. Correctivo ,Mecánica,Instalación y adecuación de mangueras nuevo tanque de combustible,"Melker Tod | Timo Toppinen | Mike Nakaio  | Otro",07:00,11:30,"Se traslada tanque al lado del motor, se conectan mangueras y se ajustan bornes de batería"
253,08-01-2023,2023-01-08,Ship 60,SPD,Mtto. Correctivo ,Estructural,Reparación en frío cofferdam 1P,"Melker Tod | Timo Toppinen | Otro",12:00,16:00,Acompañamiento a personal Glade Evans para completar reparación y verificación estructural barcaza
254,10-01-2023,2023-01-09,Ship 60,SPD,Mtto. Correctivo ,Mecánica,Instalar pasador de bloqueo de pescante estribor y babor,Otro,07:00,08:30,Se removió con segueta el segmento atascado y se instaló sujeto a una guaya el nuevo pin de bloqueo
255,10-01-2023,2023-01-09,Car 11,Puerto Bahía,Mtto. Correctivo ,Eléctrica,Reemplazar interruptor de potencia gabinete de control transformador 110VAC,Melker Tod,08:30,12:00,Se traslada componente de reemplazo y se habilita mecanismo con la respectiva prueba
256,10-01-2023,2023-01-09,Car 11,Puerto Bahía,Mtto. Rutinario ,Estructural,Rutina de mantenimiento mensual,Melker Tod,13:00,14:00,Verificación de ausencia de fugas con dispositivo Altair 4x
257,10-01-2023,2023-01-09,Ship 67,Puerto Bahía,Mtto. Correctivo ,Eléctrica,Revisar panel de monitoreo de nivel de tanques,Mike Nakaio ,14:00,14:30,Verificación de conexiones y prueba del dispositivo quedando operativo
258,11-01-2023,2023-01-10,Car 4,Puerto Bahía,Mtto. Correctivo ,Eléctrica,Revisar cableado sensores tanques,Melker Tod,07:00,08:00,Al energizar equipos y verificar señales se encontró switch nivel 1S lleno de agua. Se limpió.
259,11-01-2023,2023-01-10,Ship 15,Puerto Bahía,Mtto. Rutinario ,Mecánica,Rutina de mantenimiento trimestral,Melker Tod,09:00,10:30,"Lubricación y engrase de mecanismos, verificación de empaques en tapas."
260,11-01-2023,2023-01-10,Car 12,Puerto Bahía,Mtto. Correctivo ,Eléctrica,Instalación de interruptor de potencia transformador 110VAC,"Melker Tod | Bill Kesh ",10:30,11:30,Se traslada interruptor reparado para reemplazar por defectuoso. Prueba de operatividad.
261,11-01-2023,2023-01-10,Car 4,Puerto Bahía,Mtto. Rutinario ,Mecánica,Limpieza de válvulas PV,Melker Tod,12:30,14:00,Desmonte de válvulas PV con llave 17mm y limpieza de las mismas.
262,11-01-2023,2023-01-10,Car 4,Puerto Bahía,Mtto. Rutinario ,Estructural,Rutina de mantenimiento mensual,Melker Tod,08:00,09:00,Verificación de ausencia de fugas con dispositivo Altair 4x.
263,12-01-2023,2023-01-11,Ship 4,Astinave,Astillero ,Eléctrica,Adecuación conexiones parada de emergencia y baterías powerpack,Otro,07:00,11:30,Se cablean señales al interior de gabinete y switch de ignición. Se aplica cinta de colores batería
264,12-01-2023,2023-01-11,Ship 83,SPD,Mtto. Rutinario ,Estructural,Achique de cofferdam 1S para tareas de reparación en frío,"Melker Tod | Bill Kesh ",12:30,16:00,Se espera barcaza en sitio para conectar bomba sumergible y achicar previo a trabajos de buzo
265,12-01-2023,2023-01-12,Ship 83,SPD,Mtto. Correctivo ,Estructural,Instalar pin de bloqueo pescante babor,"Melker Tod | Bill Kesh ",07:00,08:00,Se reclama segueta y se corta pin defectuoso para instalar uno nuevo.
266,12-01-2023,2023-01-12,Ship 83,SPD,Mtto. Correctivo ,Mecánica,Instalación de graseras y ajustes correctivos pescante babor,"Melker Tod | Bill Kesh ",08:00,16:00,"Puntos de grasera defectuosos fueron reemplazados, y se adelantó desarme correctivo de pescante"
267,14-01-2023,2023-01-13,Ship 57,Boya PB,Mtto. Correctivo ,Eléctrica,Revisión panel solar y baterías monitor de nivel,Bill Kesh ,07:00,09:00,Panel solar operativo. Baterías descargadas con switch energizado. Se cargaron y se reportó cambiar
268,14-01-2023,2023-01-13,Ship 57,Boya PB,Mtto. Correctivo ,Estructural,Verificar empaque tapa 1P por reporte de fuga,Bill Kesh ,09:00,10:00,Se encontró en buen estado. Se aplicó apriete de tuercas mariposa a mano y detección con Altair 4x
269,14-01-2023,2023-01-13,Ship 19,Boya PB,Mtto. Rutinario ,Mecánica,Limpieza de válvulas PV,Bill Kesh ,10:00,11:00,Limpieza de válvulas PV con trapo y limpiador dieléctrico
270,14-01-2023,2023-01-13,Ship 19,Boya PB,Mtto. Correctivo ,Eléctrica,Revisión baterías de arranque motor C9,Bill Kesh ,11:00,12:00,Se encontró posición de máster energizado. Se hizo prueba de arranque y se dejó operativo
271,14-01-2023,2023-01-13,Ship 19,Boya PB,Mtto. Correctivo ,Mecánica,Revisar apertura de válvula de cargue 2S,Bill Kesh ,12:00,12:30,Se verificó mecanismo de apertura de válvula 2S y demás válvulas. Se estará en seguimiento.
272,14-01-2023,2023-01-13,Car 4,Boya PB,Mtto. Correctivo ,Estructural,Revisar tapa de ventilación tanque 1P por posible fuga,Melker Tod,12:30,13:00,Se aplicó torque pero sin resultado. Se procedió a realizar backlog
273,16-01-2023,2023-01-15,Truck 3,ENEL,Mtto. Rutinario ,Estructural,Rutina de mantenimiento 15 días,"Melker Tod | Bill Kesh ",07:00,08:00,"Verificación de actuadores, electroválvulas, prueba de motor"
274,16-01-2023,2023-01-15,Truck 3,ENEL,Mtto. Rutinario ,Mecánica,Rutina de mantenimiento anual de sistemas auxiliares,"Melker Tod | Bill Kesh ",08:00,10:00,Según instructivo y cambio de aceite reciprocrante en compresor de carga
275,16-01-2023,2023-01-15,Truck 3,ENEL,Mtto. Correctivo ,Eléctrica,Cambio de luces halógenas cubierta,"Melker Tod | Bill Kesh ",10:00,12:00,Traslado de escalera y reemplazo de luces de cubierta. Se encontró falla de aislamiento y se corrije
276,16-01-2023,2023-01-15,Truck 3,ENEL,Mtto. Correctivo ,Eléctrica,Revisión de UPS y cableado de ventiladores a energía no regulada,"Melker Tod | Bill Kesh ",13:00,14:30,UPS requiere cambio. Se instala minibreaker y nuevo cableado a los ventiladores de gabinete
277,16-01-2023,2023-01-16,Truck 3,ENEL,Mtto. Correctivo ,Estructural,Limpieza visor medidor de nivel tanque 1,Bill Kesh ,07:00,09:30,"Se drena aceite, se limpia visor y se llena nuevamente aceite libre de suciedad"
278,18-01-2023,2023-01-17,Ship 71,Puerto Bahía,Mtto. Correctivo ,Mecánica,Instalar fittings graseras faltantes en la barcaza,No Answer,07:00,08:30,"Se completó puntos de grasera faltantes en pescantes, winches y válvulas punta de línea"
279,18-01-2023,2023-01-17,Ship 71,Puerto Bahía,Mtto. Correctivo ,Mecánica,Revisar drive válvula de entrada 2P. Gira libremente,"Melker Tod | Bill Kesh ",08:30,10:00,Se desmonta drive y se observa que falta pin de volanta. Se instala y se deja operativo
280,19-01-2023,2023-01-18,Truck 2,ENEL,Mtto. Correctivo ,Eléctrica,Revisión de luminarias cuarto de máquinas,Bill Kesh ,07:00,07:30,Se energíza cuarto de máquinas y se confirman operativas las luces dentro del mismo.
281,19-01-2023,2023-01-18,Truck 2,ENEL,Mtto. Correctivo ,Eléctrica,Ajustar palanca de prueba switch nivel torre de venteo,Bill Kesh ,07:30,08:30,"Desmonte, ajuste y verificación de funcionamiento que previamente había sido reparado"
282,19-01-2023,2023-01-18,Truck 2,ENEL,Mtto. Rutinario ,Eléctrica,Rutina de mantenimiento 15 días,Bill Kesh ,08:30,10:30,"Prueba de motor, de compresor y VDF, luces, reposición de refrigerante en el C9"
283,19-01-2023,2023-01-18,Truck 2,ENEL,Mtto. Correctivo ,Estructural,Revisión medidor de nivel análogo de combustible,Bill Kesh ,10:30,11:30,Se encuentra operativo aunque es preferible cambiar el modelo de medición ya que es de membrana
284,20-01-2023,2023-01-19,Truck 2,ENEL,Mtto. Correctivo ,Estructural,Ajustar cerradura puertas gabinete indicadores babor,Bill Kesh ,07:00,11:30,Compra en ferretería de brocas y accesorios para remachar mecanismos. Reparación hecha.
285,20-01-2023,2023-01-19,Truck 2,ENEL,Mtto. Correctivo ,Estructural,Ajustar volanta válvula tanque de lastre,Bill Kesh ,12:30,16:00,Se taladra y rectifica punto de atornillado con las respectivas arandelas
286,21-01-2023,2023-01-20,Ship 62,SPD,Mtto. Correctivo ,Eléctrica,Búsqueda de componentes reparación parada de emergencia,No Answer,07:00,11:30,Se verifica listado de códigos disponibles en Navitrans y se mandan trasladar componentes de cofiba
287,21-01-2023,2023-01-16,Contenedor mantenimiento,SPD,Mtto. Correctivo ,Estructural,Orden y aseo,No Answer,09:30,12:00,Remoción de residuos de lámparas fluorescentes y basura
288,21-01-2023,2023-01-20,Contenedor mantenimiento,SPD,Mtto. Correctivo ,Eléctrica,Preparación de componentes para traslado a Barrancabermeja,Timo Toppinen,12:30,16:00,Se aplica paliestres y se prepara extensión eléctrica para ser despachada a primera hora del sábado
289,23-01-2023,2023-01-22,Ship 62,ENEL,Mtto. Rutinario ,Mecánica,Rutina de mantenimiento trimestral,Melker Tod,07:00,09:30,"Engrase de mecanismos, limpieza bornes baterías, prueba monitor de nivel, inspección PVs"
290,23-01-2023,2023-01-22,Ship 62,ENEL,Mtto. Correctivo ,Eléctrica,Corrección señales de parada de emergencia,Melker Tod,09:30,13:00,"Adecuación cableado, reemplazo de botones, pruebas operativas en motor C9"
291,23-01-2023,2023-01-22,Ship 82,ENEL,Mtto. Correctivo ,Mecánica,Revisión mecanismo válvula 2S,Melker Tod,14:00,14:15,Se verifica condición de válvula encontrándose operativa.
292,23-01-2023,2023-01-22,Ship 82,ENEL,Mtto. Correctivo ,Estructural,Revisar condición de pescante babor,Melker Tod,14:15,14:30,Pescante se encuentra fuera de servicio y requiere una corrección estructural por personal externo
293,23-01-2023,2023-01-22,Ship 82,ENEL,Mtto. Correctivo ,Estructural,Acompañamiento reparación subacuática por ingreso de agua en cofferdam,"Melker Tod | Otro",09:00,15:00,Personal buzos aplica correctivos en estructura de casco
294,23-01-2023,2023-01-22,Ship 62,ENEL,Mtto. Correctivo ,Estructural,Acompañamiento reparación subacuática por ingreso de agua,"Melker Tod | Otro",15:00,19:00,Personal buzo aplica correctivos en estricyde casco barcaza por knhreyde agua en cofferdam
295,24-01-2023,2023-01-23,Ship 51,Puerto Bahía,Mtto. Correctivo ,Estructural,Ajuste de orientación palanca de prueba válvula PV,Melker Tod,07:00,09:00,Se liberan tornillos y se gira cuerpo de válvula para ajustar palanca de prueba
296,24-01-2023,2023-01-23,Car 6,Puerto Bahía,Mtto. Correctivo ,Mecánica,Habilitar sistema de refrigeración motor C9,"Melker Tod | Timo Toppinen",09:00,19:00,"Se reemplaza corre de bomba averiada, se cambia tanque de expansión por rotura y adición de refrig"
297,25-01-2023,2023-01-25,Ship 62,SPD,Mtto. Correctivo ,Estructural,Achique de cofferdam 1P y 1S,"Melker Tod | TELA",07:00,13:00,Achique con bomba sumergible y motobomba. Entrega de barcaza a fluvial.
298,25-01-2023,2023-01-25,Lavafuel 2,SPD,Mtto. Correctivo ,Eléctrica,Corrección de extensiones eléctricas con protección GFCI,Melker Tod,14:00,16:00,Compra de componentes GFCI e instalación en extensión eléctrica.
299,27-01-2023,2023-01-26,Ship 73,Astinave,Astillero ,Eléctrica,Prueba preoperacional de paradas de emergencia,Otro,07:00,11:30,Confirmación de señales en circuito. Sellado de botones con cinta de enmascarar previo a pintura
300,27-01-2023,2023-01-26,Ship 62,SPD,Mtto. Correctivo ,Estructural,Corte e instalación de nuevos pines de bloqueo pescantes,No Answer,12:30,14:00,Se corta con segueta y se instalan nuevos pines de bloqueo en pescante babor y estribor
301,27-01-2023,2023-01-26,Ship 62,SPD,Mtto. Correctivo ,Mecánica,Aplicar cinta petrolato a motor hidráulico bomba marflex,TELA,14:00,14:30,Se reclama material en almacén y se aplica cinta petrolato a motor hidráulico bomba marflex
302,27-01-2023,2023-01-26,Ship 62,SPD,Mtto. Correctivo ,Eléctrica,Instalar botón parada de emergencia cableada en powerpack,No Answer,14:30,15:00,"Se acondiciona bloque de contactos, se ajustan conexiones y se realiza prueba operativa"
303,27-01-2023,2023-01-27,Ship 85,SPD,Mtto. Rutinario ,Estructural,Apoyo inspección de clase bureau veritas,"Melker Tod | Bill Kesh  | TELA | Otro",07:00,11:30,"Prueba de motor, alarmas de nivel, inspección de cofferdam, verificación de extintores"
304,27-01-2023,2023-01-27,Ship 85,SPD,Mtto. Rutinario ,Estructural,Inspección medición de espesores en láminas,"Melker Tod | Bill Kesh  | TELA",11:30,14:00,"Acompañamiento a personal externo en inspección de láminas, traslado de trípode, medición atmósfera"
305,27-01-2023,2023-01-27,Ship 62,SPD,Mtto. Correctivo ,Estructural,Achique cofferdam 1S y 1P,"Melker Tod | Timo Toppinen | Bill Kesh  | Mike Nakaio  | TELA",14:00,16:00,"Traslado de mangueras, instalación de bomba sumergible y extensiones eléctricas"
306,31-01-2023,2023-01-30,Ship 73,Astinave,Astillero ,Mecánica,Aplicación de torque en bomba marflex y caisson,Melker Tod,07:00,12:00,Aplicación de torque en caisson y quedó pendiente instalar tuerca en bomba marflex
307,31-01-2023,2023-01-30,Truck 3,ENEL,Mtto. Rutinario ,Estructural,Rutina de mantenimiento 15 días,Bill Kesh ,13:00,14:00,"Prueba de motor, señales de alarma y mecanismos de válvulas neumáticas"
308,31-01-2023,2023-01-30,Truck 3,ENEL,Mtto. Correctivo ,Mecánica,Instalación de actuador en tanque 2,Bill Kesh ,14:00,15:30,Traslado de actuador al área y fijación. Pendiente ajustar soportes y tuercas + pruebas.
309,01-02-2023,2023-01-31,Truck 3,Ecopetrol,Mtto. Correctivo ,Mecánica,Instalación de actuador 32HB2015 en tk2,Bill Kesh ,07:00,12:00,"Coordinación de acceso a Ecopetrol, instalación y conexión de señales en actuador neumático 32HV2015"
310,01-02-2023,2023-01-31,Ship 68,SPD,Mtto. Rutinario ,Mecánica,Rutina de mantenimiento trimestral,Bill Kesh ,13:00,16:00,"Engrase de mecanismos, verificación de baterías, verificación de fugas"
311,01-02-2023,2023-02-01,Ship 80,SPD,Mtto. Rutinario ,Estructural,Inspección bureau veritas,"Melker Tod | Timo Toppinen | Bill Kesh  | TELA",07:00,11:30,Acompañamiento a inspección bureau veritas para verificación de cofferdam y prueba de equipos
312,01-02-2023,2023-02-01,Ship 80,SPD,Mtto. Rutinario ,Estructural,Acompañamiento medición de espesor de láminas,"Melker Tod | Bill Kesh  | TELA",12:30,15:00,Acompañamiento a personal de Quality Testing en inspección de láminas estructura y cofferdam
313,01-02-2023,2023-02-01,Ship 80,SPD,Mtto. Correctivo ,Eléctrica,Limpieza marcado con color en cable bornes baterías,No Answer,15:00,16:00,"Ajuste, limpieza de bornes, cableado y aplicación de cinta de colores"
314,02-02-2023,2023-02-02,Ship 73,Astinave,Astillero ,Estructural,Instalación y ajuste de aspersores SCI proa,No Answer,07:00,12:00,"Traslado al área con accesorios Racor de tubing 22mm, corte de sección e instalación de aspersor"
315,02-02-2023,2023-02-02,Ship 80,SPD,Mtto. Correctivo ,Estructural,Corte de pin de bloqueo pescante babor,No Answer,13:00,14:00,Se reclama segueta por caja menor y se realiza corte de pin de bloqueo atascado
316,04-02-2023,2023-02-03,Ship 80,Puerto Bahía,Mtto. Correctivo ,Mecánica,Reparación de driver válvula 1P,TELA,07:00,10:30,Desmonte de driver defectuoso e instalación de tornillos prisioneros DIN915
317,04-02-2023,2023-02-03,Ship 67,Boya PB,Mtto. Correctivo ,Eléctrica,Instalación de indicador de RPM en panel powerpack,No Answer,10:30,13:00,Traslado a boya puerto bahía e instalación de componente retirado de almacén
318,04-02-2023,2023-02-03,Ship 67,Boya PB,Mtto. Correctivo ,Estructural,Recortar con segueta los pines de bloqueo en los pescantes,No Answer,14:00,16:00,"Traslado a boya puerto bahía, recorte con segueta de componente defectuoso e instalación nuevo."
319,04-02-2023,2023-02-03,Ship 67,Puerto Bahía,Mtto. Correctivo ,Eléctrica,Habilitar motor C9 por falla en señal de arranque,Otro,16:00,18:30,Traslado en camioneta al sitio y detección de parada de emergencia activa. Se normaliza equipo
320,06-02-2023,2023-02-04,Car 2,Puerto Bahía,Mtto. Rutinario ,Estructural,Rutina de mantenimiento anual cargue y sistemas auxiliares,Timo Toppinen,07:00,11:00,"Ejecución según instructivo. Verificación de motor C4, revisión de componentes y engrase."
321,06-02-2023,2023-02-04,Ship 20,Puerto Bahía,Mtto. Rutinario ,Estructural,Rutina de mantenimiento trimestral,Melker Tod,11:00,12:30,"Engrase de mecanismos, verificación de fugas en válvulas y  tapas, medición de baterías."
322,06-02-2023,2023-02-04,Ship 22,Puerto Bahía,Mtto. Rutinario ,Estructural,Rutina de mantenimiento trimestral,Timo Toppinen,13:00,15:00,"Engrase de mecanismos, verificación de motor C9, verificación de fugas."
323,06-02-2023,2023-02-04,Car 11,Puerto Bahía,Mtto. Correctivo ,Mecánica,Instalación de tornillos en eje de válvula remota,Melker Tod,15:00,16:00,"Se instala tornillo, y se acondiciona guaya en soporte para mantener el eje vertical"
324,07-02-2023,2023-02-06,Car 4,Puerto Bahía,Mtto. Correctivo ,Mecánica,Preparativos correctivo instalación de aspersores,"Melker Tod | Bill Kesh ",07:00,13:00,Preparación de materiales y herramientas y traslado a puerto bahía para espera de barcaza
325,07-02-2023,2023-02-07,Car 4,Puerto Bahía,Mtto. Rutinario ,Estructural,Rutina de mantenimiento mensual,Melker Tod,07:00,08:00,"Inspección de fugas con equipo Altair 4x, seguimiento a cambio de empaque en tapa de ventilación 1P"
326,08-02-2023,2023-02-07,Car 4,Puerto Bahía,Mtto. Rutinario ,Estructural,Rutina de mantenimiento trimestral,Melker Tod,08:00,09:30,"Engrase de mecanismos, winches y pescantes, revisión de válvulas y baterías motores, prueba alarmas"
327,08-02-2023,2023-02-07,Ship 2,Puerto Bahía,Mtto. Correctivo ,Mecánica,"Revisión válvula tanque 2B, opera con mucha resistencia",Melker Tod,09:30,12:00,Se liberan prensaestopa y se adecua herramienta con extensión para aplicar apertura forzada
328,08-02-2023,2023-02-07,Car 4,Puerto Bahía,Mtto. Correctivo ,Mecánica,Instalación de dos aspersores sistema contra incendio en techo cuarto de máquinas,Melker Tod,13:00,16:00,Se recorta tubería con herramienta especial y se instalan los respectivos racores + registro Fotos
329,10-02-2023,2023-02-09,Car 4,SPD,Mtto. Correctivo ,Mecánica,Preparativos para cambio de driver punta de línea producto proa,TELA,07:00,11:00,Alistamiento de herramientas y espera de confirmación de ubicación de barcaza.
330,10-02-2023,2023-02-09,Ship 73,Astinave,Astillero ,Estructural,Adecuación de conexiones en panel solar y elementos estructurales,"Melker Tod | Timo Toppinen | Mike Nakaio  | TELA",12:30,16:00,"Adecuación de caja de bornes panel solar, instalar imbornales y adecuación brida válvula de corte"
331,11-02-2023,2023-02-10,Contenedor mantenimiento,SPD,Mtto. Correctivo ,Estructural,Orden y aseo,Melker Tod,07:00,10:30,Disposición de residuos y organización de elementos en estantes
332,11-02-2023,2023-02-10,Truck 1,ENEL,Mtto. Rutinario ,Estructural,Rutina de mantenimiento quincenal,Melker Tod,10:30,11:30,"Revisión de componentes motor c9, verificación de electroválvulas, gabinetes y luces"
333,11-02-2023,2023-02-10,Truck 1,ENEL,Mtto. Correctivo ,Eléctrica,Instalar bombilla halógena en reflector popa babor,Melker Tod,12:30,13:00,Se reclama componente en almacén y se instala en reflector popa babor
334,11-02-2023,2023-02-10,Truck 1,ENEL,Mtto. Correctivo ,Eléctrica,Instalar botón parada de emergencia en gabinete cuarto de máquinas,Melker Tod,13:00,13:30,Se reclama componente en almacén y se instala en gabinete control bombas cuarto de máquinas
335,11-02-2023,2023-02-10,Truck 1,ENEL,Mtto. Correctivo ,Mecánica,Limpieza de visores medidor de nivel de tanque 1 y 2,Melker Tod,13:30,16:00,Se realiza drenaje de aceite y limpieza de visores. Se determina que se debe cambiar el aceite.
336,03-03-2023,2023-03-02,Car 4,Puerto Bahía,Mtto. Correctivo ,Mecánica,Aligerar seguro de giro pescante,Melker Tod,07:00,08:30,Corte con segueta de seguro de giro atascado
337,03-03-2023,2023-03-02,Car 1,Puerto Bahía,Mtto. Rutinario ,Eléctrica,Rutina de mantenimiento sistema de calentamiento,Melker Tod,08:30,12:00,Prueba de calderas y elementos de control del sistema de calentamiento
338,03-03-2023,2023-03-02,Car 1,Puerto Bahía,Mtto. Rutinario ,Estructural,Rutina de mantenimiento semestral sistemas auxiliares,Melker Tod,13:00,15:30,"Revisión de componentes estructurales, alarmas y válvulas. Se realizará reportes"
339,03-03-2023,2023-03-02,Ship 64,Puerto Bahía,Mtto. Correctivo ,Estructural,Instalación de sellos de botella en caja de baterías,Melker Tod,15:30,16:00,Se instalan varillas horizontales y cuatro sellos de botella en la caja de baterías.
340,03-03-2023,2023-03-03,Truck 1,ENEL,Mtto. Rutinario ,Estructural,Rutina de mantenimiento quincenal,Melker Tod,07:00,08:30,"Verificación de actuadores, válvulas y componentes estructurales. Se reporta BL alarma de cuarto."
341,03-03-2023,2023-03-03,Truck 1,ENEL,Mtto. Correctivo ,Eléctrica,Instalación indicador de nivel TK 1,Melker Tod,08:30,13:00,Se reclama componente en almacén y se instala. Queda pendiente BL para calibración de valor máximo
342,04-03-2023,2023-03-04,Ship 20,Puerto Bahía,Mtto. Correctivo ,Mecánica,Limpieza de válvula PV 1E,Melker Tod,07:00,08:00,"Se despresuriza, se desmonta asiento de la válvula y se limpia restos de contaminación y óxido"
343,04-03-2023,2023-03-04,Ship 7,Puerto Bahía,Mtto. Correctivo ,Mecánica,Corrección de fuga en descarga de la bomba marflex,Melker Tod,08:00,10:00,Se identifica fuga y con llave 30mm se aplica torque a brida
344,04-03-2023,2023-03-04,Ship 60,Puerto Bahía,Mtto. Rutinario ,Mecánica,Rutina de mantenimiento semestral,Melker Tod,10:00,13:00,"Se engrasan mecanismos, prueba de alarmas, no hubo cambio de filtro porque se hizo en Barranca"
345,07-03-2023,2023-03-06,Ship 65,Astinave,Astillero ,Estructural,Instalación de empaques en tapas de tanques producto,TELA,07:00,13:00,Se reclaman empaques en almacén y se procede a la instalación de los mismos con martillo de caucho
346,07-03-2023,2023-03-06,Ship 65,Astinave,Astillero ,Eléctrica,Configuración de cableado paradas de emergencia,"Melker Tod | TELA",14:00,16:00,Ajuste de cables en borneras caja de paso de los contactos NO y NC
347,08-03-2023,2023-03-07,Truck 2,ENEL,Mtto. Correctivo ,Eléctrica,Instalación de VDF bomba booster,Melker Tod,07:00,12:00,"Traslado de VDF hasta el sitio, montaje en gabinete y conexión de potencia y señales"
348,08-03-2023,2023-03-07,Truck 2,ENEL,Mtto. Correctivo ,Estructural,Corrección de fisura en espejo proa babor,Otro,13:00,15:30,Achique de compartimientos de lastre con bomba de río y curación con soldadura en frío
349,08-03-2023,2023-03-08,Truck 2,ENEL,Mtto. Correctivo ,Eléctrica,Instalación de presóstato compresor cuarto de máquinas,"Melker Tod | TELA",07:00,13:30,"Se reclama material en almacén, se adapta conector en taller industrial, se instala y prueba"
350,08-03-2023,2023-03-08,Truck 2,ENEL,Mtto. Rutinario ,Estructural,Rutina de mantenimiento quincenal,"Melker Tod | TELA",14:30,16:00,Se verifica y prueba motor al igual que actuadores y luminaria. Se hacen BL para corregir detalles
351,09-03-2023,2023-03-08,Truck 2,ENEL,Mtto. Rutinario ,Eléctrica,Rutina de mantenimiento 45 días,"Melker Tod | TELA",13:30,14:30,"Orden según instructivo, prueba de parada de emergencia neumática y reporte para gabinetes"
352,10-03-2023,2023-03-09,Ship 65,Astinave,Astillero ,Eléctrica,Instalar paradas de emergencia proa y popa,No Answer,07:00,10:00,"Luego de reclamar en almacén y preparar platinas soporte, se atornilla y se conectan componentes"
353,10-03-2023,2023-03-09,Contenedor mantenimiento,SPD,Mtto. Correctivo ,Estructural,Orden y aseo,No Answer,10:00,13:30,Se organizan estantes y se descarta material basura
354,10-03-2023,2023-03-10,Contenedor mantenimiento,SPD,Mtto. Correctivo ,Estructural,Orden y aseo sección de mangueras,No Answer,07:00,12:00,No fue posible tareas en astinave por lo que se organiza sección de mangueras y lockers herramienta
355,14-03-2023,2023-03-13,Ship 53,Puerto Bahía,Mtto. Correctivo ,Estructural,Instalación de graseras faltantes,Melker Tod,07:00,07:30,Se reemplazan graseras defectuosas
356,14-03-2023,2023-03-13,Car 7,Puerto Bahía,Mtto. Rutinario ,Estructural,Rutina de mantenimiento mensual,Melker Tod,07:30,09:00,Verificación de ausencia de fugas con equipo Altair 4x
357,14-03-2023,2023-03-13,Car 7,Puerto Bahía,Mtto. Rutinario ,Eléctrica,Rutina de mantenimiento trimestral sistema de calentamiento,Melker Tod,09:00,12:00,Prueba de calderas y demás componentes. Requiere reporte de backlogs para condiciones encontradas
358,14-03-2023,2023-03-13,Ship 9,Puerto Bahía,Mtto. Correctivo ,Eléctrica,Cambio de baterías motor C9,"Melker Tod | Timo Toppinen",13:00,17:30,Recarga de batería y luego se traslada para reemplazar. Queda en seguimiento el alternador
359,15-03-2023,2023-03-14,Ship 19,Boya PB,Mtto. Rutinario ,Mecánica,Rutina de mantenimiento trimestral,Melker Tod,07:00,09:30,"Engrase de mecanismos, verificación de ausencia de fugas"
360,15-03-2023,2023-03-14,Ship 58,Boya PB,Mtto. Rutinario ,Mecánica,Rutina de mantenimiento trimestral,Melker Tod,09:30,12:00,"Engrase de mecanismos, tensioon de correa del alternador, verificación de ausencia de fugas"
361,15-03-2023,2023-03-14,Ship 2,Boya PB,Mtto. Correctivo ,Estructural,Toma de muestra en aceite hidráulico,Melker Tod,13:00,14:00,Desmonte de tapa frontal para toma de muestra de aceite hidráulico
362,15-03-2023,2023-03-15,Ship 51,Puerto Bahía,Mtto. Rutinario ,Mecánica,Rutina de mantenimiento mensual,Melker Tod,07:00,09:00,"Engrase de mecanismos, prueba de alarmas, revisión de ausencia de fugas"
363,15-03-2023,2023-03-15,Ship 58,Puerto Bahía,Mtto. Rutinario ,Mecánica,Rutina de mantenimiento anual,"Melker Tod | Timo Toppinen | Mike Nakaio  | TELA",09:00,12:30,"Cambio de aceite y filtros, lectura de logs, limpieza de bornes de alternador, reporte alarma nivel"
364,16-03-2023,2023-03-15,Truck 3,ENEL,Mtto. Rutinario ,Estructural,Rutina de mantenimiento 15 días,Melker Tod,13:30,14:30,"Prueba de electroválvulas, actuadores y reflectores"
365,16-03-2023,2023-03-15,Truck 3,ENEL,Mtto. Rutinario ,Eléctrica,Rutina de mantenimiento 45 días,Melker Tod,14:30,16:00,"Prueba de alarmas, sistema de control, verificación de switches de nivel knockout y venteo"
366,18-03-2023,2023-03-16,Truck 3,ENEL,Mtto. Correctivo ,Eléctrica,Revisar indicador remoto de nivel de TK2,Melker Tod,07:00,08:00,Se revisa componente y se hace un backlog para reemplazo del indicador LCD
367,18-03-2023,2023-03-16,Truck 3,ENEL,Mtto. Correctivo ,Eléctrica,Revisar acometida reflectores en cubierta,Melker Tod,08:00,09:30,Se revisa acometida y se corrige humedad en cajas de paso
368,18-03-2023,2023-03-16,Contenedor mantenimiento,SPD,Mtto. Correctivo ,Estructural,Orden y aseo,No Answer,09:30,12:00,Organización de elementos y disposición de residuos
369,18-03-2023,2023-03-16,Lavafuel 2,SPD,Mtto. Rutinario ,Eléctrica,Rutina de mantenimiento mensual,Melker Tod,14:00,16:00,Revisión de componentes y ajuste de bornes de batería para mejorar corriente de arranque
370,18-03-2023,2023-03-17,Ship 58,Boya PB,Mtto. Correctivo ,Eléctrica,Instalación de módulo D1031Q en monitor de nivel,Timo Toppinen,07:00,08:00,Se reclama componente en almacén y se instala en equipo
371,18-03-2023,2023-03-17,Ship 82,Boya PB,Mtto. Correctivo ,Mecánica,Instalación de empaques en válvula línea de soplado,Timo Toppinen,08:00,11:00,"Recorte de empaque, desmonte de válvula e instalación con prueba de sellado"
372,18-03-2023,2023-03-17,Car 3,Boya PB,Mtto. Correctivo ,Mecánica,Revisión de drivers en válvulas 2S y 1P,Timo Toppinen,11:00,13:00,Se prueban los recorridos de volanta y tornillos de ajuste de recorrido. Se hará seguimiento
373,19-03-2023,2023-03-18,Ship 65,Boya PB,Mtto. Correctivo ,Eléctrica,Aplicación de cinta de colores en cableado baterías,Timo Toppinen,07:00,09:00,Traslado a boya puerto bahía para llegar al sitio y aplicación de cinta de color en cable baterías
374,19-03-2023,2023-03-18,Ship 65,Boya PB,Mtto. Correctivo ,Estructural,Instalación de caucho Winche proa babor,Timo Toppinen,09:00,10:30,Se reclama material en almacén y se instala en el Winche según especificaciones de la orden
375,19-03-2023,2023-03-18,Car 3,Boya PB,Mtto. Correctivo ,Eléctrica,Aplicación de cinta de colores en cableado baterías,Timo Toppinen,10:30,12:00,Se aplica cinta de colores en cableado batería según polaridad. Pendiente el de C4
376,19-03-2023,2023-03-19,Ship 64,Canal Dique,Mtto. Rutinario ,Mecánica,Rutina de mantenimiento anual,Timo Toppinen,06:30,10:30,"Cambio de aceite, limpieza de radiador y muestreo de aceite motor e hidráulico"
377,19-03-2023,2023-03-19,Ship 64,Canal Dique,Mtto. Rutinario ,Mecánica,Rutina de mantenimiento semestral,Timo Toppinen,10:30,14:00,"Engrase de mecanismos, prueba de alarmas, revisión de powerpack y reporte de mangueras defectuosas"
378,19-03-2023,2023-03-19,Ship 64,Canal Dique,Mtto. Correctivo ,Eléctrica,Instalación de indicadores tablero control powerpack,Timo Toppinen,15:00,16:00,"Se reclama en almacén y se instalan indicadores de temperatura, pres de aceite lo mismo que voltaje"
379,22-03-2023,2023-03-21,Ship 8,Boya PB,Mtto. Rutinario ,Mecánica,Rutina de mantenimiento trimestral,Melker Tod,07:00,10:00,"Orden según instructivo, engrase de mecanismos, reporte de condiciones"
380,22-03-2023,2023-03-21,Ship 59,Boya PB,Mtto. Correctivo ,Eléctrica,Cambio de baterías monitor de nivel panel solar,Melker Tod,10:00,11:30,"Reclamo de material en almacén, traslado al sitio e instalación de baterías. Reporte de regulador"
381,22-03-2023,2023-03-21,Ship 72,Boya PB,Mtto. Correctivo ,Eléctrica,Revisión de baterías en regulador solar,Melker Tod,11:30,13:30,Carga manual de baterías pero condición inestable. Se reporta para reemplazar
382,22-03-2023,2023-03-22,Ship 59,Boya PB,Mtto. Correctivo ,Eléctrica,Instalación de regulador de carga panel solar,TELA,07:00,08:30,Se reclama material en almacén y se procede a instalar en caja de control monitor de nivel
383,22-03-2023,2023-03-22,Ship 72,Boya PB,Mtto. Correctivo ,Eléctrica,Instalar baterías monitor de nivel de tanques,TELA,08:30,10:00,Se reclaman en almacén y se trasladan a sitio para reemplazar baterías defectuosas
384,22-03-2023,2023-03-22,Ship 53,Boya PB,Mtto. Rutinario ,Estructural,Rutina de mantenimiento quincenal,Melker Tod,10:00,11:00,"Se verifican componentes según instructivo, motor c9 y mirillas de nivel"
385,22-03-2023,2023-03-22,Ship 68,SPD,Mtto. Correctivo ,Estructural,Preparativos para soportes de paradas de emergencia,Bill Kesh ,12:00,13:30,Se recortan tornillos y se dibujan moldes en cartón paja para nuevos soportes paradas emergencia
386,22-03-2023,2023-03-22,Ship 68,SPD,Mtto. Correctivo ,Estructural,Tareas de achique de cofferdam 1S,"Melker Tod | Timo Toppinen | Bill Kesh  | TELA",13:30,16:00,Traslado de mangueras y conexión de bombas sumergibles para achique
387,24-03-2023,2023-03-23,Ship 83,Astinave,Astillero ,Eléctrica,Corrección e instalación paradas de emergencia,Otro,07:00,12:30,"Reclamo de material en almacén, preparación de botonera e instalación en astinave"
388,24-03-2023,2023-03-23,Ship 72,Puerto Bahía,Mtto. Correctivo ,Eléctrica,Instalación de regulador de carga panel solar,Melker Tod,13:30,16:00,"Se reclama material en almacén, se realiza traslado al sitio y se conecta módulo+prueba operativa"
389,25-03-2023,2023-03-24,Ship 83,Astinave,Astillero ,Estructural,Instalación de empaques de teflón en tapas de producto,TELA,07:00,13:00,"Se espera disponibilidad, luego traslado al sitio e instalación de empaques y disposición residuos"
390,25-03-2023,2023-03-24,Contenedor mantenimiento,SPD,Mtto. Correctivo ,Estructural,Disposición de componentes para reparación,"Melker Tod | Bill Kesh  | Mike Nakaio  | TELA",14:00,16:00,Traslado a puerto bahía para buscar reparables y baterías defectuosas para organizar en contenedor
391,27-03-2023,2023-03-25,Car 1,Puerto Bahía,Mtto. Correctivo ,Eléctrica,Instalar alarma acústica cuarto de máquinas,Melker Tod,07:00,08:00,Se desmonta componente defectuoso y se reemplaza por uno reparado
392,27-03-2023,2023-03-25,Car 1,Puerto Bahía,Mtto. Correctivo ,Eléctrica,Revisión de señales indicadores de nivel radar,Melker Tod,08:00,11:00,"Prueba con generador 4-20mA, se observa desconfiguración del panel táctil"
393,27-03-2023,2023-03-25,Car 2,Puerto Bahía,Mtto. Rutinario ,Mecánica,Limpieza de válvulas PV,Melker Tod,11:00,13:00,Desmonte de asiento de válvulas PV y limpieza de las mismas
394,27-03-2023,2023-03-25,Car 2,Puerto Bahía,Mtto. Rutinario ,Estructural,Rutina de mantenimiento mensual,Melker Tod,14:00,15:00,Rutina de mantenimiento mensual con inspección de fugas con detector Altair 4X
395,27-03-2023,2023-03-25,Ship 7,Puerto Bahía,Mtto. Correctivo ,Eléctrica,Instalar indicador de RPM powerpack,Melker Tod,15:00,16:00,Se desmonta componente defectuoso indicador RPM y se instala uno nuevo
396,28-03-2023,2023-03-27,Car 4,Puerto Bahía,Mtto. Rutinario ,Eléctrica,Rutina de mantenimiento anual medición de aislamiento,No Answer,07:00,12:00,Medición de aislamiento en generadores y motores
397,28-03-2023,2023-03-27,Car 4,Puerto Bahía,Mtto. Rutinario ,Eléctrica,Rutina de mantenimiento trimestral sistema de calentamiento,No Answer,13:00,15:30,Alineación de válvulas y prueba del sistema de calentamiento
398,28-03-2023,2023-03-27,Car 4,Puerto Bahía,Mtto. Correctivo ,Mecánica,Cambio de manómetro tanque de expansión,Mike Nakaio ,15:30,15:45,Se reclama material en almacén y se reemplaza componente defectuoso
399,28-03-2023,2023-03-27,Ship 54,Puerto Bahía,Mtto. Correctivo ,Eléctrica,Revisar switch master del motor C9,Mike Nakaio ,15:45,16:00,Se revisa cableado y se observa componente defectuoso. Se reporta para su reemplazo
400,29-03-2023,2023-03-28,Car 11,Puerto Bahía,Mtto. Rutinario ,Estructural,Rutina de mantenimiento mensual,Melker Tod,07:00,08:00,Verificación de ausencia de fugas con equipo Altair 4x y condiciones de operatividad del generador
401,29-03-2023,2023-03-28,Car 11,Puerto Bahía,Mtto. Rutinario ,Mecánica,Rutina de mantenimiento trimestral,Melker Tod,08:00,10:30,"Engrase de mecanismos, verificación de accionamiento de válvulas, medición de baterías"
402,29-03-2023,2023-03-28,Car 6,Puerto Bahía,Mtto. Correctivo ,Mecánica,Reemplazar puntos de graseras ausentes o defectuosos,"Melker Tod | TELA",10:30,11:15,Instalación de graseras ausentes y reemplazo de defectuosas
403,29-03-2023,2023-03-28,Ship 13,Puerto Bahía,Mtto. Correctivo ,Mecánica,Reemplazo de manómetro defectuoso en acumulador,Melker Tod,12:45,14:00,Se reclama material en almacén y se reemplaza componente defectuoso
404,29-03-2023,2023-03-28,Ship 13,Puerto Bahía,Mtto. Correctivo ,Eléctrica,Ajuste de borne de baterías y aplicación de cinta de colores en cableado,Melker Tod,14:00,15:00,Se ajustan conexiones en baterías y se aplica cinta de colores en cableado
405,29-03-2023,2023-03-29,Ship 60,ENEL,Mtto. Correctivo ,Estructural,Achique de cofferdam 1S,"Melker Tod | Otro",07:00,15:00,Se trasladan bombas sumergibles y se preparan conexiones para energizar y achicar en cofferdam 1S
406,29-03-2023,2023-03-29,Ship 60,ENEL,Mtto. Correctivo ,Eléctrica,Ajustar conexiones en baterías y aplicar cinta de colores,Melker Tod,15:00,16:00,Se ajustan conexiones y se aplica cinta de colores según polaridad
407,31-03-2023,2023-03-30,Ship 10,Puerto Bahía,Mtto. Rutinario ,Mecánica,Rutina de mantenimiento trimestral,No Answer,07:00,10:00,"Prueba de apertura de válvulas, engrase de mecanismos, verificación de baterías"
408,31-03-2023,2023-03-30,Ship 10,Puerto Bahía,Mtto. Rutinario ,Mecánica,Rutina de mantenimiento mensual específica de componentes,No Answer,10:00,12:30,"Limpieza de asiento de PVs, inspección de fugas, verificación de niveles de aceite en equipos"
409,31-03-2023,2023-03-30,Ship 63,Puerto Bahía,Mtto. Correctivo ,Eléctrica,Revisión de falsa activación de alarma monitor de nivel,"Mike Nakaio  | TELA",13:30,16:00,Inspección de componentes electrónicos. Se detectó baterías defectuosas y se cambiaron
410,01-04-2023,2023-03-31,Ship 83,Astinave,Astillero ,Mecánica,Instalación de manómetro presión piloto sistema hidráulico,Timo Toppinen,07:00,10:30,Reclamo de material en almacén e instalación de manómetro según indicaciones
411,01-04-2023,2023-03-31,Ship 83,Astinave,Astillero ,Eléctrica,Ajuste de conexiones en batería y aplicación de cinta de colores en cableado,No Answer,10:30,13:00,Ajuste de conexiones en batería y aplicación de cinta de colores en cableado
412,02-04-2023,2023-04-01,Ship 13,Boya PB,Mtto. Correctivo ,Eléctrica,Instalación indicador de RPM,Melker Tod,07:00,08:30,Reclamo de material en almacén y traslado al sitio para reemplazar el defectuoso
413,02-04-2023,2023-04-01,Ship 71,Boya PB,Mtto. Rutinario ,Mecánica,Rutina de mantenimiento trimestral,Melker Tod,08:30,11:30,"Verificación de componentes estructurales, prueba de alarmas, engrase de mecanismos"
414,04-04-2023,2023-04-03,Car 12,Puerto Bahía,Mtto. Rutinario ,Estructural,Rutina de mantenimiento mensual,Melker Tod,07:00,08:30,Verificación de ausencia de fugas con Altair 4x
415,04-04-2023,2023-04-03,Car 12,Puerto Bahía,Mtto. Rutinario ,Eléctrica,Rutina de mantenimiento trimestral sistema de calentamiento,Melker Tod,09:00,12:00,Prueba de calderas y mecanismos del sistema de calentamiento.
416,04-04-2023,2023-04-03,Car 12,Puerto Bahía,Mtto. Rutinario ,Mecánica,Rutina de mantenimiento trimestral,Melker Tod,13:00,15:30,"Prueba de válvulas, engrase de mecanismos, prueba válvulas de corte, medición baterías"
417,04-04-2023,2023-04-04,Car 3,Puerto Bahía,Mtto. Rutinario ,Eléctrica,Rutina de mantenimiento trimestral sistema de calentamiento,Melker Tod,07:00,10:00,Prueba de sistema de calentamiento y ajuste de disparo válvulas de corte calderas
418,04-04-2023,2023-04-04,Car 12,Puerto Bahía,Mtto. Correctivo ,Mecánica,Ajuste de disparo hidráulico válvulas de corte,Melker Tod,10:00,12:30,Adición de aceite y purga de aire en línea de cobre para aceite válvulas de corte proa
419,05-04-2023,2023-04-04,Contenedor mantenimiento,SPD,Mtto. Correctivo ,Eléctrica,Ajuste de conexiones en bombas sumergibles y extensiones,No Answer,13:30,16:00,Se reclama material en almacén y se procede a ajustar conexiones y tomacorrientes GFCI
420,11-04-2023,2023-04-10,Ship 66,Puerto Bahía,Mtto. Rutinario ,Mecánica,Limpieza de válvulas PV,Melker Tod,07:00,08:30,Desmonte de asiento de válvulas y limpieza de las mismas
421,11-04-2023,2023-04-10,Ship 66,Puerto Bahía,Mtto. Rutinario ,Mecánica,Rutina de mantenimiento trimestral,Melker Tod,08:30,11:00,"Engrase de mecanismos, medición de baterías en motor, prueba de alarmas de nivel"
422,11-04-2023,2023-04-10,Ship 4,Puerto Bahía,Mtto. Rutinario ,Mecánica,Rutina de mantenimiento trimestral,Melker Tod,12:00,14:30,"Engrase de mecanismos, medición de baterías, verificación de fugas y válvulas"
423,11-04-2023,2023-04-10,Car 7,Puerto Bahía,Mtto. Rutinario ,Eléctrica,Rutina de mantenimiento anual medición de aislamiento,Melker Tod,14:30,18:00,Medición de aislamiento en generadores y motores dentro del cuarto de máquinas.
424,12-04-2023,2023-04-11,Car 12,SPD,Mtto. Correctivo ,Estructural,Aprobar barcaza para reparación en frío,"Melker Tod | Mike Nakaio ",07:00,12:00,Se achica popa y se instalan mangueras de suministro de agua de SPD para llenar piques de proa
425,12-04-2023,2023-04-11,Ship 8,Puerto Bahía,Mtto. Correctivo ,Mecánica,Instalación de latiguillo para manómetro presión piloto hidráulica,Melker Tod,14:30,14:00,"Se reclama material en almacén, se desmonta latiguillo defectuoso y se reemplaza"
426,12-04-2023,2023-04-11,Ship 64,Puerto Bahía,Mtto. Correctivo ,Mecánica,Corregir goteo línea presión piloto hidráulica,Melker Tod,14:30,16:00,Se observa latiguillo defectuoso y se reemplaza con uno usado que quedó de la Ship 8
427,13-04-2023,2023-04-12,Ship 59,Puerto Bahía,Mtto. Correctivo ,Mecánica,Cambio de manómetro presión piloto sistema hidráulico,Melker Tod,07:00,12:00,Se reclama material en almacén. Se desinstala defectuoso y se reemplaza con dificultad por tornillo
428,13-04-2023,2023-04-12,Car 12,SPD,Mtto. Correctivo ,Estructural,Achique de pique de proa,"Melker Tod | Timo Toppinen",13:00,16:00,"Traslado de manguera, bomba sumergible, conexionado a breaker 20A"
429,14-04-2023,2023-04-13,Truck 2,Boya Eco,Mtto. Correctivo ,Eléctrica,Revisión variador de frecuencia bomba booster,"Melker Tod | Otro",07:00,11:30,"Se hizo desmonte de acometida, medición de aislamiento y prueba de intercambio, quedando operativo"
430,14-04-2023,2023-04-13,Truck 2,Boya Eco,Mtto. Rutinario ,Estructural,Rutina de mantenimiento 15 días,Melker Tod,11:30,12:30,"Revisión de componentes estructurales, motor C9 y manómetros"
431,14-04-2023,2023-04-13,Truck 2,Boya Eco,Mtto. Correctivo ,Mecánica,Cambio de o-ring palanca prueba switch nivel tanque knockout,Melker Tod,13:30,14:30,"Se desmonta componente y se reemplaza o-ring, además se aplica teflón en adaptador NPT"
432,14-04-2023,2023-04-13,Truck 2,Boya Eco,Mtto. Correctivo ,Mecánica,Cambiar manómetro succión bomba TK1,Melker Tod,14:30,15:30,Se reclama material en almacén y se instala manómetro en línea de 0 a 24bar
433,15-04-2023,2023-04-14,Lavafuel 2,SPD,Mtto. Rutinario ,Eléctrica,Rutina de medición de aislamiento trimestral,No Answer,07:00,10:30,Medición de aislamiento en generadores y motores eléctricos con valores altos de impedancia
434,15-04-2023,2023-04-14,Lavafuel 2,SPD,Mtto. Rutinario ,Estructural,Rutina de mantenimiento mensual,No Answer,10:30,12:00,Inspección de componentes y pintura. Se realiza ajuste de tapa protectora tomacorrientes
435,16-04-2023,2023-04-15,Truck 3,ENEL,Mtto. Correctivo ,Mecánica,Instalar caucho protector Winche popa babor,Melker Tod,07:00,07:30,Se reclama material en almacén y se instala en sitio
436,16-04-2023,2023-04-15,Truck 3,ENEL,Mtto. Correctivo ,Mecánica,Revisión de alcance correctivo para apertura válvula lastre popa,Melker Tod,07:30,11:30,Se lubrica cuerpo de válvula y se intenta en varias ocasiones sin resultado. Se realiza backlog.
437,16-04-2023,2023-04-15,Truck 3,ENEL,Mtto. Rutinario ,Estructural,Rutina de mantenimiento mensual,Melker Tod,12:30,14:00,"Verificación de componentes estructurales, motor C9. Se requiere avanzar correctivo torre de venteo"
438,16-04-2023,2023-04-15,Ship 1,ENEL,Mtto. Correctivo ,Estructural,Verificar empaque tapa de tanque 2B y 2E,Melker Tod,14:00,16:00,Tuerca mariposa afectada. Se adelanta correctivo de fusible powerpack y cinta colores en cableado
439,18-04-2023,2023-04-17,Ship 68,Puerto Bahía,Mtto. Correctivo ,Eléctrica,Preparativos instalación de parada de emergencia,No Answer,07:00,09:30,Se reclama materiales en almacén y se preparan moldes para instalación de botones en proa y popa
440,18-04-2023,2023-04-17,Car 2,Puerto Bahía,Mtto. Rutinario ,Estructural,Rutina de mantenimiento mensual,Melker Tod,09:30,10:30,Verificación de ausencia de fugas en puntos de lista con dispositivo Altair 4x
441,18-04-2023,2023-04-17,Ship 61,Puerto Bahía,Mtto. Correctivo ,Eléctrica,Corrección de cableado switch master e instalación de sellos,No Answer,10:30,12:30,Aislamiento con cinta de vinilo y aseguramiento de conexiones. Aplicación de cinta de colores
442,18-04-2023,2023-04-17,Car 12,Puerto Bahía,Mtto. Rutinario ,Mecánica,Rutina de mantenimiento semestral sistemas auxiliares,Melker Tod,13:30,15:30,Engrase de mecanismos. Verificación de componentes estructurales y luminaria. Reporte de backlog
443,18-04-2023,2023-04-17,Car 1,Puerto Bahía,Mtto. Correctivo ,Eléctrica,Mantenimiento correctivo conexiones cable tierra,Otro,15:30,16:00,"Se aplica limado en electrodos, se reajusta conexiones de cable tierra en pinza y mejora medición"
444,19-04-2023,2023-04-18,Truck 1,Boya Eco,Mtto. Rutinario ,Estructural,Rutina de mantenimiento 15 días,Melker Tod,07:00,08:30,"Verificación de motor C9 e inspección de válvulas, variadores y actuadores"
445,19-04-2023,2023-04-18,Truck 1,Boya Eco,Mtto. Correctivo ,Eléctrica,Cambiar indicador de temperatura 50% TK2,Melker Tod,08:30,10:30,"Se reclama material en almacén, se instala y se prueba. Se realiza backlog para remplazar 0% y 100%"
446,19-04-2023,2023-04-18,Truck 1,Boya Eco,Mtto. Correctivo ,Eléctrica,Cambio de alarma visual cuarto de máquinas,Melker Tod,10:30,12:00,Se prepara alarma reparada y se instala donde está la defectuosa. Se realiza prueba operativa.
447,19-04-2023,2023-04-19,Car 8,SPD,Mtto. Rutinario ,Estructural,Inspección de clase bureau Veritas,"Melker Tod | Bill Kesh  | Otro",07:00,12:30,Destape de cofferdam para inspección de clase. Medición de baterías C4 y C9
448,21-04-2023,2023-04-20,Contenedor mantenimiento,SPD,Mtto. Correctivo ,Estructural,Orden y aseo de herramientas personales,No Answer,07:00,10:30,Reparar roturas del bolso con aguja e hilo. Depurar basura al interior de los bolsos.
449,21-04-2023,2023-04-20,Ship 60,SPD,Mtto. Correctivo ,Eléctrica,Preparativos para reparación de paradas de emergencia,No Answer,10:30,12:00,Exploración de cableado y soportes a corregir. Se debe evacuar agua debajo de powerpack.
450,22-04-2023,2023-04-21,Car 11,Boya PB,Mtto. Rutinario ,Estructural,Rutina de mantenimiento mensual,"Timo Toppinen | TELA",07:00,08:30,Verificación de ausencia de fugas en puntos del instructivo con dispositivo Altair 4x.
451,22-04-2023,2023-04-21,Car 11,Boya PB,Mtto. Correctivo ,Mecánica,Ajuste de válvula y drive succión 2S,"Timo Toppinen | TELA",08:30,12:30,"Desmonte de driver, ajuste de recorrido de válvula y calibración de driver."
452,25-04-2023,2023-04-24,Car 3,Boya PB,Mtto. Rutinario ,Eléctrica,Medición de aislamiento anual,TELA,07:00,12:30,Medición de aislamiento en generadores y motores. Monitoreo de baterías.
453,27-04-2023,2023-04-25,Entrenamiento,Otro,Mtto. Rutinario ,Estructural,Certificación espacio confinado,Otro,07:00,16:00,"Asistencia a entrenamiento en espacio confinado, parte teórica"
454,27-04-2023,2023-04-26,Entrenamiento,Otro,Mtto. Rutinario ,Estructural,Certificación espacio confinado,Otro,07:00,16:00,"Asistencia a entrenamiento en espacio confinado, parte práctica."
455,27-04-2023,2023-04-27,Ship 18,Puerto Bahía,Mtto. Correctivo ,Estructural,Reemplazar puntos de engrase válvulas 087253,Melker Tod,07:00,08:00,Se reemplazan puntos de engrase en válvulas. Algunas se les hará seguimiento para limpiar
456,28-04-2023,2023-04-27,Car 5,Puerto Bahía,Mtto. Correctivo ,Eléctrica,Revisión de mecanismos de cierre interruptor VDF bombas,Melker Tod,08:00,09:00,Revisión de acometida y registro de componente. Se debe continuar con maniobra manual.
457,28-04-2023,2023-04-27,Ship 51,Puerto Bahía,Mtto. Correctivo ,Mecánica,Revisión de mecanismo de apertura y cierre en válvula 1P y 1S,Melker Tod,09:00,12:00,Se realiza desmonte de driver y activación manual. Se extenderá backlog para entrar a tk slop
458,28-04-2023,2023-04-27,Ship 16,Boya PB,Mtto. Rutinario ,Mecánica,Rutina de mantenimiento trimestral,TELA,13:00,16:00,"Engrase de mecanismos, revisión de fugas, análisis y registro de baterías powerpack"
459,28-04-2023,2023-04-28,Lavafuel 2,COFIBA,Mtto. Correctivo ,Eléctrica,Documentación de conexiones tablero de control,Otro,07:00,17:00,Se trabaja en conjunto con electricista cresolmant Ernesto Sánchez para documentar conexiones
460,30-04-2023,2023-04-29,Truck 2,ENEL,Mtto. Correctivo ,Eléctrica,Cambiar transmisor de temperatura punta de línea por fluctuaciones OT 079704,Melker Tod,07:00,07:30,Se revisaron señales y se observó normalizado el comportamiento del componente transmisor.
461,30-04-2023,2023-04-29,Truck 2,ENEL,Mtto. Correctivo ,Estructural,Evaluar instalación de señalización paradas de emergencia OT 087146,Melker Tod,07:30,08:00,Se verifican medidas de avisos afectados y se hará backlog cuando estén listos para instalar.
462,30-04-2023,2023-04-29,Truck 2,ENEL,Mtto. Correctivo ,Eléctrica,Revisar led verde botonera del ESD sin protector OT 087144,Melker Tod,08:00,08:30,Se toman medidas para localizar componente equivalente con que se pueda reemplazar y se hará BL
463,30-04-2023,2023-04-29,Truck 2,ENEL,Mtto. Correctivo ,Eléctrica,Revisar reflector parte superior cuarto de máquinas. No enciende OT 083794,Melker Tod,08:30,09:00,Verificación de acometida y conexiones. Se debe realizar backlog para instalar led en astillero
464,30-04-2023,2023-04-29,Truck 2,ENEL,Mtto. Correctivo ,Mecánica,Evaluar cambio de manómetro cubierta babor por falta de glicerina OT 087155,Melker Tod,09:00,09:30,Se toman medidas y se hará backlog cuando se tenga equivalente NPT sin inclinación
465,30-04-2023,2023-04-29,Truck 2,ENEL,Mtto. Correctivo ,Eléctrica,Revisar falla bomba de refuerzo OT 088178,Melker Tod,09:30,11:00,Se revisa acometida y se ensaya motor con otro VDF sin problemas. Se desmontará para reparación
466,30-04-2023,2023-04-29,Truck 2,ENEL,Mtto. Correctivo ,Eléctrica,Revisar indicación de válvulas neumáticas en pantalla táctil OT 087152,Melker Tod,12:30,13:00,Señales operativas y se confirman baterías del PLC que no estén averiadas
467,30-04-2023,2023-04-29,Truck 2,ENEL,Mtto. Correctivo ,Estructural,Visor de nivel en campo del TK1 se nota borroso OT 088182,Melker Tod,13:00,13:30,Se revisa condición. Se debe cambiar aceite. Visor se nota deteriorado por intemperie. Backlog
468,30-04-2023,2023-04-29,Truck 2,ENEL,Mtto. Correctivo ,Mecánica,Indicación de falsa alarma switch nivel tanque knockout,Melker Tod,13:00,14:30,Se instala doble o-ring y ajuste de conectores roscados.
469,30-04-2023,2023-04-30,Truck 2,ENEL,Mtto. Correctivo ,Eléctrica,Desmontar variador VDF bomba booster para reparación,Melker Tod,07:00,12:30,"Se procede al desmonte del variador en cuarto de máquinas, se deja circuito bloqueado. Hubo lluvia"
470,02-05-2023,2023-05-01,Ship 80,SPD,Mtto. Correctivo ,Eléctrica,Adecuación cableado paradas de emergencia,Melker Tod,07:00,09:00,Se ajusta cableado y se instalan borneras para garantizar interlock del sistema de arranque
471,02-05-2023,2023-05-01,Ship 80,SPD,Mtto. Correctivo ,Estructural,Reparación en frío de fisuras en casco pique proa,"Melker Tod | Otro",09:00,17:00,Acompañamiento a personal buzo  y Glady Evans para tareas de reparación en frío y prueba de equipos
472,02-05-2023,2023-05-02,Ship 80,SPD,Mtto. Rutinario ,Estructural,Acompañamiento inspección de clase bureau Veritas,"Bill Kesh  | TELA",07:00,12:30,Acompañamiento a inspector bureau Veritas en inspección de cofferdam y prueba de equipos barcaza
473,03-05-2023,2023-05-03,Truck 3,ENEL,Mtto. Correctivo ,Eléctrica,Evaluar condición de sensor de temperatura línea TK1 y TK2 2016-085238,"Melker Tod | TELA",07:00,09:00,Se remplaza conversor 4-20mA en tk1 y se crea backlog para gestionar componente en TK2
474,03-05-2023,2023-05-03,Truck 3,ENEL,Mtto. Correctivo ,Eléctrica,Corregir conexiones switch de nivel torre de venteo 2016-086443,"Melker Tod | TELA",09:00,11:00,Desmonte de componente y ajuste de conexiones mediante soldadura con estaño
475,03-05-2023,2023-05-03,Truck 3,ENEL,Mtto. Rutinario ,Estructural,Rutina de mantenimiento 15 días 2016-088108,"Melker Tod | TELA",11:00,12:30,"Verificación de componentes, motor C9 y se completa nivel de aceite en compresor cuarto de máquinas"
476,05-05-2023,2023-05-04,Lavafuel 2,COFIBA,Mtto. Correctivo ,Eléctrica,Levantamiento de planos eléctricos y revisión de medidor de flujo Coriolis,No Answer,07:00,16:00,Documentación parcial de conexiones ya que habían labores de pintura en simultánea.
477,06-05-2023,2023-05-05,Ship 62,Astinave,Astillero ,Eléctrica,Análisis de baterías en pruebas de arranque,"Melker Tod | Timo Toppinen | Otro | Bill Kesh ",07:00,13:00,"Medición de baterías, pruebas de arranque y asignación de código QR en cada batería."
478,09-05-2023,2023-05-08,Ship 11,Canal Dique,Mtto. Rutinario ,Estructural,Rutina de mantenimiento trimestral,Melker Tod,07:00,09:30,"Engrase de mecanismos, medición de baterías y verificación de componentes."
479,09-05-2023,2023-05-08,Ship 21,Canal Dique,Mtto. Rutinario ,Estructural,Rutina de mantenimiento trimestral,Melker Tod,09:30,12:00,"Engrase de mecanismos, medición de baterías y verificación de componentes."
480,09-05-2023,2023-05-08,Ship 64,Canal Dique,Mtto. Rutinario ,Estructural,Rutina de mantenimiento trimestral,Melker Tod,13:00,16:00,"Engrase de mecanismos, medición de baterías y verificación de componentes estructurales."
481,10-05-2023,2023-05-09,Ship 62,Astinave,Astillero ,Mecánica,Instalación de filtro de aire y manómetro compresor powerpack,"Melker Tod | Bill Kesh  | TELA",07:00,10:30,"Se reclama material en almacén, traslado a sitio e instalación."
482,11-05-2023,2023-05-10,Ship 62,Astinave,Astillero ,Mecánica,Reposición de nivel de aceite hidráulico bomba marflex,Bill Kesh ,07:00,11:30,Se reclaman seis baldes de aceite en almacén y se trasladan a sitio para ser adicionados con embudo
483,12-05-2023,2023-05-11,Car 1,Boya PB,Mtto. Correctivo ,Eléctrica,Ajuste de señal 4-20mA medidores de nivel tanques,"Melker Tod | TELA",07:00,11:30,Se comparan parámetros con sensores de Car 8 y se ajusta configuración en pantalla táctil
484,12-05-2023,2023-05-11,Car 1,Boya PB,Mtto. Correctivo ,Eléctrica,Cambio de sensor de presión de combustible en C4,"Melker Tod | TELA",11:30,12:30,Se reclama material en almacén y se instala en motor c4
485,12-05-2023,2023-05-12,Lavafuel 2,SPD,Mtto. Correctivo ,Eléctrica,Habilitar electroválvulas bomba de combustible,"Melker Tod | Otro",07:00,12:30,Ajuste de conexiones y refuerzo de soldadura electrónica en tarjeta de control.
486,13-05-2023,2023-05-12,Car 8,SPD,Mtto. Correctivo ,Estructural,Acondicionar portalón y combustible para tarea de ventilación,"Melker Tod | Otro",13:30,16:00,Se verifica arribo de barcaza al muelle y se reciben 200 galones de diésel para tarea de ventilar
487,14-05-2023,2023-05-13,Ship 1,ENEL,Mtto. Correctivo ,Eléctrica,Cambiar alternador motor C9,Melker Tod,07:00,12:00,"Reclamo en almacén de material, llegada al sitio y reemplazo de componente defectuoso"
488,14-05-2023,2023-05-13,Ship 60,Astinave,Astillero ,Mecánica,Desmonte de manguera de lubricación y chaqueta de turbo,Melker Tod,13:00,14:00,Traslado al sitio y desmonte de manguera y chaqueta térmica para relevo de falla en TT58
489,14-05-2023,2023-05-13,Ship 58,Puerto Bahía,Mtto. Correctivo ,Mecánica,Reemplazo de manguera de lubricación del turbo y chaqueta térmica,Melker Tod,14:00,20:00,"Traslado a sitio, desmonte de componente defectuoso y reemplazo. Seguimiento hasta final de turno"
490,15-05-2023,2023-05-14,Car 8,SPD,Mtto. Correctivo ,Estructural,Apoyo en achique pique de proa,"Melker Tod | Otro",07:00,10:30,"Arranque y apagado de generador eléctrico, apoyo en conexión de bombas sumergibles a cresolmant"
491,15-05-2023,2023-05-14,Lavafuel 2,SPD,Mtto. Correctivo ,Mecánica,Habilitar válvulas y tubería de trasiego de combustible Diesel,"Melker Tod | Otro",10:30,17:00,Seguimiento a bomba de suministro y ajuste de acoples en motor. Comprobación de niveles.
492,16-05-2023,2023-05-15,Car 12,Puerto Bahía,Mtto. Rutinario ,Estructural,Rutina de mantenimiento mensual,Bill Kesh ,07:00,08:30,Revisión de válvulas y verificación de ausencia de fugas con equipo Altair 4x.
493,16-05-2023,2023-05-15,Car 12,Puerto Bahía,Mtto. Correctivo ,Eléctrica,Revisión de radar de nivel TK2S,Bill Kesh ,08:30,13:00,Verificación de señales y RTD PT1000. Se identifica que requiere posible cambio.
494,16-05-2023,2023-05-16,Lavafuel 2,SPD,Mtto. Correctivo ,Eléctrica,Revisión falla bomba de combustible,TELA,07:00,11:00,"Verificación de cableado y consumo de corriente. Ajuste de filtro y reubicación, estaba mal tapado"
495,16-05-2023,2023-05-16,Contenedor mantenimiento,SPD,Mtto. Correctivo ,Estructural,Orden y aseo,TELA,12:30,14:30,Se organizan bolsos de herramientas y se disponen residuos de actividades.
496,17-05-2023,2023-05-17,Car 11,Puerto Bahía,Mtto. Correctivo ,Estructural,Instalación de marquillas en válvulas de corte emergencia,Mike Nakaio ,07:00,08:00,Se plastifican etiquetas y se instalan según indicación con cinta doble faz
497,17-05-2023,2023-05-17,Car 11,Puerto Bahía,Mtto. Correctivo ,Eléctrica,Intercambiar baterías C4 a C9 y viceversa,No Answer,08:00,12:00,Por bajos resultados en salud de baterías se procedió a intercambiar y actualizar tabla de datos
498,17-05-2023,2023-05-17,Oficinas administrativas,SPD,Mtto. Correctivo ,Eléctrica,Documentación de acometida eléctrica UPS,No Answer,13:00,16:00,Registro fotográfico de UPS y circuito en tablero de distribución potencia oficinas a Iván Ortiz
499,19-05-2023,2023-05-18,Ship 67,Puerto Bahía,Mtto. Correctivo ,Mecánica,Ajustar drive válvula de cargue tanque 1S,Timo Toppinen,07:00,09:00,"Reclamo de componente en almacén, desmonte de unidad defectuosa e instalación de la nueva."
500,19-05-2023,2023-05-19,Car 4,Puerto Bahía,Mtto. Correctivo ,Eléctrica,Cambiar switch de nivel TK 2S,Bill Kesh ,07:00,09:00,Se reclama material en almacén y se instala según indicaciones en TK 2S.
501,19-05-2023,2023-05-19,Car 2,Puerto Bahía,Mtto. Correctivo ,Eléctrica,Revisión de falla bajo aislamiento en circuito de luces,Bill Kesh ,09:00,12:30,"Revisión de acometida, se detectó cable en corto en caja de paso. Se aisló circuito luces proa."
502,19-05-2023,2023-05-19,Oficinas administrativas,SPD,Mtto. Correctivo ,Estructural,Instalación de soportes chasos para camilla y portapapeles,"Bill Kesh  | TELA | Timo Toppinen",13:30,16:00,Se hacen perforaciones en pared con taladro y se instalan chasos. Se repara luz cocina también.
503,21-05-2023,2023-05-20,Car 2,Boya PB,Mtto. Rutinario ,Eléctrica,Rutina anual medición de aislamiento,Bill Kesh ,07:00,12:00,Medición de aislamiento en generadores y motores desde cuarto de máquinas
504,21-05-2023,2023-05-20,Car 2,Boya PB,Mtto. Correctivo ,Eléctrica,Instalación de switch de detección de fuga de aceite en C9,Bill Kesh ,12:00,13:30,Se reclama switch MURPHY en almacén y se instala en motor C9 con las respectivas pruebas de alarma
505,21-05-2023,2023-05-20,Car 4,SPD,Mtto. Correctivo ,Estructural,Instalación de marquillas en válvulas de corte emergencia,No Answer,14:30,15:30,Se plastifican marquillas y se instalan en válvulas de corte estación paradas de emergencia
506,23-05-2023,2023-05-23,Contenedor mantenimiento,Puerto Bahía,Mtto. Correctivo ,Eléctrica,Reparación de luminaria,TELA,07:00,12:00,Desmonte de componente defectuoso e instalación de nuevos tubos led T8 16W
507,23-05-2023,2023-05-23,Car 5,SPD,Mtto. Correctivo ,Eléctrica,Documentación de accionamiento manual interruptor de potencia bombas de producto,No Answer,13:00,15:00,Registro fotográfico de gabinete y de secuencia de pasos para energizar manualmente el interruptor
508,24-05-2023,2023-05-24,Car 7,SPD,Mtto. Correctivo ,Estructural,Instalación de planilla indicación colores tuberías,No Answer,07:00,07:30,"Se plastifica hoja de etiqueta de colores tubería, instala con cinta doble faz en cuarto de máquinas"
509,24-05-2023,2023-05-24,Ship 59,Boya PB,Mtto. Rutinario ,Mecánica,Rutina de mantenimiento trimestral,TELA,07:30,11:00,"Verificación de válvulas, alarmas de nivel, medición de baterías, engrase de mecanismos"
510,24-05-2023,2023-05-24,Ship 51,Boya PB,Mtto. Rutinario ,Estructural,Rutina de mantenimiento mensual,"Melker Tod | Bill Kesh ",11:00,12:00,Verificación de ausencia de fugas en elementos de tanques y válvulas
511,24-05-2023,2023-05-24,Ship 53,Puerto Bahía,Mtto. Rutinario ,Mecánica,Rutina de mantenimiento semestral,"Melker Tod | Bill Kesh ",13:00,16:00,"Cambio de filtros de combustible, engrase de mecanismos, medición de baterías"
512,26-05-2023,2023-05-25,Car 7,SPD,Mtto. Rutinario ,Eléctrica,Rutina de mantenimiento e inspección de clase,"TELA | Bill Kesh ",07:00,13:30,"Prueba de calderas, alarmas, medición de baterías, verificación de motores C4 y C9."
513,26-05-2023,2023-05-25,Car 4,SPD,Mtto. Rutinario ,Eléctrica,Inspección de clase y prueba de operatividad motor C4,"TELA | Mike Nakaio  | Bill Kesh ",14:30,17:30,"Ajuste de conexiones en C4, reemplazo de solenoide corte de combustible por funcionar defectuoso"
514,27-05-2023,2023-05-26,Entrenamiento,SPD,Mtto. Correctivo ,Estructural,Charla de divulgación sobre riesgo cardiovascular,"Melker Tod | Timo Toppinen | Bill Kesh  | TELA | Otro",07:30,11:30,Asistencia a divulgación sobre pautas de prevención riesgo cardiovascular con personal de SURA
515,27-05-2023,2023-05-26,Ship 82,Boya PB,Mtto. Rutinario ,Mecánica,Rutina de mantenimiento trimestral,Bill Kesh ,12:30,16:00,"Revisión de válvulas, alarmas, engrase de mecanismos, medición de baterías, prueba operativa."
516,28-05-2023,2023-05-27,Ship 65,Boya PB,Mtto. Rutinario ,Mecánica,Rutina de mantenimiento trimestral,Bill Kesh ,07:00,10:30,"Prueba de alarmas, engrase de mecanismos, medición de baterías, revisión de válvulas y motor C9"
517,28-05-2023,2023-05-27,Contenedor mantenimiento,SPD,Mtto. Correctivo ,Estructural,Orden y aseo de herramientas,No Answer,10:30,13:00,Se realiza disposición de residuos y orden de las herramientas en los bolsos
518,29-05-2023,2023-05-28,Contenedor mantenimiento,SPD,Mtto. Correctivo ,Estructural,Orden y aseo de herramientas,No Answer,07:00,08:00,Depuración de sellos de botella y anexo de pinza amperimétrica para DC al bolso de herramientas
519,29-05-2023,2023-05-28,Car 5,SPD,Mtto. Correctivo ,Estructural,Adecuación de instructivo para accionamiento manual de interruptor de potencia,No Answer,08:00,10:00,Recopilación de fotos y apuntes en instructivo resumen para accionamiento manual de interruptor
520,29-05-2023,2023-05-28,Ship 64,SPD,Mtto. Correctivo ,Mecánica,Diagnóstico de fuga aceite hidráulico presión piloto,Otro,10:00,11:00,"Se emitió concepto y notas de la última intervención realizada, ya que el latiguillo era usado"
521,29-05-2023,2023-05-29,Car 3,Boya PB,Mtto. Correctivo ,Eléctrica,Instalar switch de temperatura refrigerante en motor C9,No Answer,07:00,09:00,Se procede a trasladar componente y a conectarlo. Se extendió backlog para revisar termo pozo
522,29-05-2023,2023-05-29,Car 7,Boya PB,Mtto. Correctivo ,Eléctrica,Habilitar arranque motor C4,No Answer,09:00,10:00,Se encontró conexiones desajutadas en módulo AL-8 y se corrigió quedando operativo
523,29-05-2023,2023-05-29,Car 7,Boya PB,Mtto. Correctivo ,Eléctrica,Revisión generador 2 en motor C9 por fluctuaciones,Bill Kesh ,10:00,11:00,Se realiza intercambio con tarjeta AVR del generador Car 3 para conocer causa y hacer backlog
524,29-05-2023,2023-05-29,Car 3,Boya PB,Mtto. Correctivo ,Eléctrica,Revisión señal solenoide stop motor C4,No Answer,11:00,12:00,Se verifica accionamiento y se mide corriente. Se reporta backlog por funcionamiento defectuoso
525,31-05-2023,2023-05-30,Ship 10,Boya PB,Mtto. Correctivo ,Eléctrica,Cambiar indicador de voltaje powerpack,TELA,07:00,08:00,Se reclama componente en almacén y se reemplaza indicador de voltaje defectuoso
526,31-05-2023,2023-05-30,Ship 68,Boya PB,Mtto. Correctivo ,Eléctrica,Instalar paradas de emergencia y configurar cableado,TELA,08:00,13:30,"Se preparan moldes, se remachan paradas de emergencia y se instalan. Pruebas de accionamiento"
527,31-05-2023,2023-05-30,Ship 68,Boya PB,Mtto. Correctivo ,Eléctrica,Instalar indicador de RPM powerpack,TELA,14:30,16:00,Se reclama material en almacén y se instala con la respectiva prueba.
528,01-06-2023,2023-05-31,Ship 50,Boya PB,Mtto. Correctivo ,Eléctrica,Habilitar baterías de monitor de sobrellenado,Melker Tod,07:00,08:00,Se ajustan conexiones y se verifica voltaje de regulación de carga en panel solar
529,01-06-2023,2023-05-31,Car 7,Boya PB,Mtto. Correctivo ,Eléctrica,Habilitar permisivo breaker de bomba de producto,"Bill Kesh  | Melker Tod",08:00,11:30,Se verifican niveles de tensión y señales de interlock. Se deshabilita generador 2 en C9
530,01-06-2023,2023-06-01,Lavafuel 2,SPD,Mtto. Correctivo ,Eléctrica,Seguimiento a señales de comando en válvulas motorizadas,No Answer,12:30,14:30,Se hace seguimiento en campo pero no se pudo revisar por tareas de suministro en ejecución
531,01-06-2023,2023-06-01,Lavafuel 2,SPD,Mtto. Correctivo ,Eléctrica,Revisión de señales de comando en válvulas motorizadas de suministro y cargue,Otro,07:00,15:00,"Revisión de señales de interlock, lector RFID y válvulas motorizadas. Se precisa concepto Iván O."
532,02-06-2023,2023-06-01,Car 4,Puerto Bahía,Mtto. Correctivo ,Mecánica,Revisar pase de producto ACG-022 de TK 1S a 2P,Melker Tod,15:00,17:30,Se ajusta recorrido del drive (Melker Tod) y se refuerza tornillería sin verificar porque hubo zarpe
533,02-06-2023,2023-06-02,Ship 85,Astinave,Astillero ,Mecánica,Diagnóstico de turbo compresor del C9 y manguera de admisión de aire,"Melker Tod | Otro | TELA",07:00,10:30,Revisión de la chaqueta del turbo para la TT60 y levantamiento info manguera admisión de aire
534,02-06-2023,2023-06-02,Ship 60,Astinave,Astillero ,Mecánica,Ajuste de válvula PV del caisson,"Melker Tod | TELA | Otro",10:30,11:30,Ajuste de componentes de válvula PV y reinstalación de tarjeta de certificación con guaya
535,02-06-2023,2023-06-02,Lavafuel 2,SPD,Mtto. Correctivo ,Eléctrica,Realización de copia de seguridad parámetros medidor de nivel de tanques,Otro,12:30,03:00,Se consigue cable de comunicación serial con Néstor (fluvial) y se guarda copia de parámetros en PC